<?xml version="1.0" encoding="UTF-8"?>
<project-private xmlns="http://www.netbeans.org/ns/project-private/1">
    <editor-bookmarks xmlns="http://www.netbeans.org/ns/editor-bookmarks/2" lastBookmarkId="0"/>
    <open-files xmlns="http://www.netbeans.org/ns/projectui-open-files/2">
        <group>
            <file>file:/C:/Users/shrey/Downloads/Blood%20Donation%20System/Blood_Donation_System/src/blood_donation_system/donation.jpg</file>
            <file>file:/C:/Users/shrey/Downloads/Blood%20Donation%20System/Blood_Donation_System/src/blood_donation_system/Donor_history.java</file>
            <file>file:/C:/Users/shrey/Downloads/Blood%20Donation%20System/Blood_Donation_System/src/blood_donation_system/Donor_account.java</file>
            <file>file:/C:/Users/shrey/Downloads/Blood%20Donation%20System/Blood_Donation_System/src/blood_donation_system/Available_packets.java</file>
            <file>file:/C:/Users/shrey/Downloads/Blood%20Donation%20System/Blood_Donation_System/src/blood_donation_system/Donor_reg.java</file>
            <file>file:/C:/Users/shrey/Downloads/Blood%20Donation%20System/Blood_Donation_System/src/blood_donation_system/Purchaser_reg.java</file>
            <file>file:/C:/Users/shrey/Downloads/Blood%20Donation%20System/Blood_Donation_System/src/blood_donation_system/Purchase_History.java</file>
            <file>file:/C:/Users/shrey/Downloads/Blood%20Donation%20System/Blood_Donation_System/src/blood_donation_system/search_donor.java</file>
            <file>file:/C:/Users/shrey/Downloads/Blood%20Donation%20System/Blood_Donation_System/src/blood_donation_system/Purchaser_account.java</file>
            <file>file:/C:/Users/shrey/Downloads/Blood%20Donation%20System/Blood_Donation_System/src/blood_donation_system/start_page.java</file>
        </group>
    </open-files>
</project-private>
